id,spp,plot,subplot,gm.trt,canopy,anet,gsw,l,ci.ca,iwue,vcmax,vcmax25,jmax,jmax25,jmax25.vcmax25,composite,SPAD,phosphate_ppm,nitrate_ppm,ammonium_ppm,inorg_n_ppm
1926,Tri,3,5,ambient,open,11.83860636,0.148474062,0.525426429,0.656702587,79.73518203,82.79262365,83.38497343,158.6738513,159.4756469,1.912522608,C4,31.842,0.935,16.769,0.180699482,16.94969948
5495,Tri,3,3,weeded,open,15.82502038,0.249590615,0.314303355,0.714524262,63.40390796,85.47769381,85.89917726,176.1328761,176.7464879,2.057603967,C2,33.625,1.497,15.902,0.203256597,16.1052566
552,Tri,3,14,weeded,open,13.08396858,0.16532543,0.37524756,0.656420811,79.14068985,77.65839556,77.65053427,147.7796134,147.7690356,1.903000887,C5,30.047,1.628,4.832,0.264896373,5.096896373
916,Tri,3,16,ambient,open,14.87148345,0.177952393,0.414067159,0.636455796,83.57001105,93.63943406,94.00526539,172.5810364,173.0574803,1.840933904,C7,32.157,1.426,17.693,0.187176166,17.88017617
1686,Tri,3,6,ambient,open,14.05270869,0.144608857,0.41038848,0.592885741,97.17737199,85.55836213,85.92442452,154.11081,154.5767141,1.798984572,C4,34.106,0.935,16.769,0.180699482,16.94969948
2416,Tri,3,17,ambient,open,13.18355301,0.152416776,0.473172459,0.626184461,86.4967319,88.14985876,88.78999073,146.8610369,147.6142515,1.662510046,C8,34.938,0.559,22.785,0.125,22.91
3563,Tri,3,4,ambient,open,11.79064329,0.14435188,0.452304743,0.647266196,81.67987345,72.57899192,74.05535345,132.4340057,134.3326541,1.813949267,C3,NA,1.537,12.818,0.12888601,12.94688601
4714,Tri,3,7,weeded,open,13.78498817,0.182451938,0.348781052,0.667324699,75.55407918,75.93027493,75.79954328,143.2944065,143.1199119,1.888136863,C1,34.01,1.366,12.362,0.19365285,12.55565285
5488,Tri,3,1,weeded,open,13.17314056,0.132422625,0.463379258,0.575686698,99.47802016,84.12996128,85.9640295,172.2072085,174.8525349,2.034019763,C1,35.715,1.366,12.362,0.19365285,12.55565285
6578,Tri,3,1,weeded,open,12.229702,0.129464452,0.428025032,0.59652232,94.46378377,74.2005965,74.57983036,137.8472124,138.3449619,1.854991641,C1,NA,1.366,12.362,0.19365285,12.55565285
902,Tri,3,7,weeded,open,15.63029543,0.188616508,0.443229422,0.635616199,82.86812006,100.1558336,99.98194251,176.0182644,175.8021186,1.758338697,C1,29.353,1.366,12.362,0.19365285,12.55565285
583,Tri,3,23,ambient,open,9.629140061,0.108066281,0.503472684,0.613797437,89.10401998,75.95074235,76.26582831,137.1127755,137.5147095,1.803097305,C8,37.9,0.559,22.785,0.125,22.91
5479,Tri,3,21,weeded,open,11.88229882,0.133525777,0.564823176,0.610261692,88.98880117,109.4747925,110.1032427,186.8042744,187.5618275,1.70350866,C6,44.936,1.359,17.447,0.16126943,17.60826943
43,Tri,5,9,weeded,open,13.09090347,0.153907765,0.398090981,0.633697952,85.05680964,75.9288314,75.97266166,147.6158189,147.6771133,1.943819133,C2,37.513,1.378,18.064,0.174222798,18.2382228
86,Tri,5,9,weeded,open,11.54586785,0.158067323,0.338749123,0.682986005,73.0439893,63.32818158,63.27953286,124.9807328,124.9116534,1.97396611,C2,33.061,1.378,18.064,0.174222798,18.2382228
7147,Tri,5,9,weeded,open,14.47001673,0.155405019,0.452139117,0.599673987,93.11164352,97.28755681,97.35697769,189.008964,189.1059759,1.942397765,C2,37.87,1.378,18.064,0.174222798,18.2382228
2547,Tri,5,19,weeded,open,12.99489428,0.148668518,0.424392178,0.624742783,87.40851429,83.77598585,83.73008412,166.2873429,166.2217915,1.985209895,C5,NA,1.29,22.569,0.242713004,22.811713
5904,Tri,5,9,weeded,open,14.53834818,0.201105713,0.379545819,0.681269052,72.29206949,86.52433913,86.54221583,173.0043781,173.0300914,1.999372095,C2,36.285,1.378,18.064,0.174222798,18.2382228
5904,Tri,5,9,weeded,open,14.53834818,0.201105713,0.379545819,0.681269052,72.29206949,86.52433913,86.54221583,173.0043781,173.0300914,1.999372095,C2,38.157,1.378,18.064,0.174222798,18.2382228
5228,Tri,5,19,weeded,open,8.05144007,0.062371127,0.751698875,0.472707926,129.089219,132.6241794,132.6416661,202.5556221,202.5748347,1.527233793,C5,31.791,1.29,22.569,0.242713004,22.811713
5381,Tri,5,10,ambient,open,15.17961154,0.159310952,0.53095248,0.589588783,95.28291275,117.7735972,117.9019846,211.2315822,211.397202,1.79299104,C3,41.55,1.337,20.847,0.141816143,20.98881614
5115,Tri,5,19,weeded,open,12.37349003,0.133964131,0.525998117,0.606466727,92.3642018,101.941298,102.0418609,184.9938177,185.1250776,1.814207188,C5,28.808,1.29,22.569,0.242713004,22.811713
4547,Tri,5,10,ambient,open,14.8946045,0.175749399,0.484875558,0.631659834,84.74910631,105.5983571,105.537135,184.8492908,184.7721855,1.750778865,C3,NA,1.337,20.847,0.141816143,20.98881614
4105,Tri,5,10,ambient,open,13.47562771,0.155224021,0.50901413,0.626041906,86.81406153,105.7047583,105.7090954,188.9629788,188.9685564,1.787628166,C3,41.052,1.337,20.847,0.141816143,20.98881614
4000,Tri,5,20,weeded,open,13.4198004,0.132360944,0.564698698,0.569258093,101.387917,123.5856048,123.0746929,221.4196806,220.7606527,1.793712806,C5,33.293,1.29,22.569,0.242713004,22.811713
1374,Tri,5,10,ambient,open,11.43326406,0.141725516,0.452437876,0.659646542,80.6718817,82.08737866,82.15363078,151.7435134,151.8316052,1.848142362,C3,39.998,1.337,20.847,0.141816143,20.98881614
3077,Tri,5,21,weeded,open,12.66787838,0.136217622,0.651189763,0.603391288,92.99735375,157.0450711,157.1548131,254.8764488,255.0045606,1.622632839,C6,39.212,1.259,22.947,0.012352611,22.95935261
2912,Tri,5,11,ambient,open,14.8357365,0.195182574,0.446500642,0.67228535,76.00953403,103.7264371,103.7950638,194.3038714,194.3963411,1.872886185,C4,43.226,1.598,22.941,0.130605381,23.07160538
4576,Tri,5,21,weeded,open,10.46039928,0.098526445,0.680569653,0.55649893,106.1684432,140.1044671,140.0962172,217.2493293,217.2401264,1.55064948,C6,28.144,1.259,22.947,0.012352611,22.95935261
614,Tri,5,11,ambient,open,14.02064582,0.166233808,0.499024458,0.63488182,84.34292632,105.2762789,105.5672713,186.3336886,186.7040141,1.768578574,C4,NA,1.598,22.941,0.130605381,23.07160538
2508,Tri,5,21,weeded,open,11.57615661,0.1142837,0.655813411,0.573206888,101.2931556,147.5240879,147.5635237,233.9751622,234.0201551,1.585894326,C6,31.529,1.259,22.947,0.012352611,22.95935261
2563,Tri,5,16,ambient,open,13.10096192,0.12722373,0.546133708,0.563632646,102.9757728,109.3055293,109.4474421,201.4241627,201.6122471,1.842091904,C7,NA,1.097,37.42,0.764013453,38.18401345
3004,Tri,5,21,weeded,open,12.10690556,0.128637614,0.5487068,0.600160623,94.11637221,105.8697717,106.3258343,183.473868,184.0419897,1.730924481,C6,NA,1.259,22.947,0.012352611,22.95935261
flag_8,Tri,5,16,ambient,open,12.33999092,0.123349028,0.543406936,0.576386205,100.0412498,104.5104358,104.3463142,189.0658332,188.8521763,1.809859579,C7,NA,1.097,37.42,0.764013453,38.18401345
482,Tri,5,22,ambient,open,10.61920378,0.097918285,0.648379455,0.547295663,108.4496504,124.4419422,124.5243895,193.7021208,193.7944328,1.556276915,C7,NA,1.097,37.42,0.764013453,38.18401345
1795,Tri,5,14,weeded,open,12.32494683,0.140087396,0.489343263,0.623427273,87.9804121,93.65948225,93.69081994,166.6260804,166.6661855,1.77889558,C5,35.748,1.29,22.569,0.242713004,22.811713
4990,Tri,5,22,ambient,open,12.07849609,0.131773586,0.585043651,0.609830186,91.66098045,118.4738525,118.590433,202.0659757,202.2089914,1.705103745,C7,26.4,1.097,37.42,0.764013453,38.18401345
4177,Tri,5,14,weeded,open,12.1739109,0.122523321,0.521592329,0.579410854,99.35994879,102.1128323,101.8947989,180.0984996,179.8217435,1.764778433,C5,43.396,1.29,22.569,0.242713004,22.811713
4414,Tri,5,22,ambient,open,14.54540431,0.177795274,0.474941839,0.643894766,81.80984783,106.8486915,106.8187539,201.5722225,201.5315905,1.886668614,C7,36.54,1.097,37.42,0.764013453,38.18401345
4959,Tri,5,22,ambient,open,12.50744023,0.130841998,0.615045718,0.593642967,95.59193853,131.4492969,131.5126692,208.6670987,208.7394629,1.587219423,C7,26.76,1.097,37.42,0.764013453,38.18401345
1739,Tri,5,14,weeded,open,12.35615426,0.124491626,0.515505169,0.579474699,99.25289481,102.1128323,102.0896514,180.0984996,180.069086,1.763832901,C5,38.83,1.29,22.569,0.242713004,22.811713
1739,Tri,5,14,weeded,open,12.35615426,0.124491626,0.515505169,0.579474699,99.25289481,102.1128323,102.0896514,180.0984996,180.069086,1.763832901,C5,36.482,1.29,22.569,0.242713004,22.811713
4431,Tri,5,23,ambient,open,9.816215502,0.103144864,0.580861702,0.600303246,95.16921271,100.5163292,100.6210722,170.7687551,170.8967461,1.698419052,C8,27.728,1.238,10.342,0.102979275,10.44497928
2573,Tri,5,31,weeded,open,11.41146449,0.149786527,0.424844306,0.671147902,76.18485266,77.96586779,78.11184205,143.0216518,143.2142215,1.833450828,C9,NA,1.516,9.614,0.181053812,9.795053812
5877,Tri,5,27,weeded,open,10.70342709,0.099290376,0.642591179,0.549342437,107.7992402,125.4894157,125.4340839,211.4695951,211.4025108,1.68536736,C10,34.217,1.172,23.237,0.394430052,23.63143005
flag3_tri,Tri,5,14,weeded,open,11.79445672,0.124648669,0.519898165,0.598525878,94.62160178,95.37985658,95.41242213,164.6131411,164.6535714,1.725703715,C5,31.285,1.29,22.569,0.242713004,22.811713
2988,Tri,5,33,weeded,open,13.10648159,0.133841194,0.607418008,0.583633192,97.92561765,135.8160871,135.9794122,220.7510991,220.942029,1.62481971,C10,38.954,1.172,23.237,0.394430052,23.63143005
4109,Tri,5,32,weeded,open,12.95343851,0.126199758,0.599871477,0.565306001,102.6423403,128.8780049,129.0540455,220.559029,220.775707,1.710722869,C9,31.682,1.516,9.614,0.181053812,9.795053812
1975,Tri,7,18,ambient,open,10.88587845,0.098832521,0.746468381,0.54024625,110.1447008,177.0592754,177.5249945,260.3942046,260.8879591,1.469584381,C8,NA,0.826,26.807,0.506457047,27.31345705
1997,Tri,7,24,ambient,open,13.6474419,0.147222405,0.480995094,0.602625013,92.69949027,100.5607745,100.2579506,190.2555398,189.8420644,1.893536256,C8,34.146,0.826,26.807,0.506457047,27.31345705
632,Tri,7,8,weeded,open,13.29474027,0.152281629,0.431613382,0.623749484,87.30363838,83.71715641,83.732809,151.1046442,151.1250207,1.804848332,C1,37.839,1.394,17.481,0.038212435,17.51921244
7574,Tri,7,12,ambient,open,13.28578143,0.151334394,0.405087411,0.622483922,87.79089194,80.25810213,80.17856378,158.6048282,158.4914358,1.976730791,C4,41.148,0.776,19.391,0.186412128,19.57741213
1827,Tri,7,8,weeded,open,18.62488346,0.266935549,0.361717875,0.684422192,69.77296029,105.9221915,106.1377618,215.0789805,215.3945712,2.029386786,C1,34.562,1.394,17.481,0.038212435,17.51921244
1851,Tri,7,8,weeded,open,13.72632147,0.15115469,0.522787517,0.609478616,90.8097623,107.3404193,107.62302,193.9563605,194.3244794,1.805603294,C1,NA,1.394,17.481,0.038212435,17.51921244
3071,Tri,7,8,weeded,open,14.98949048,0.161360894,0.525026387,0.598829543,92.89419579,117.1142124,117.2447513,207.3447221,207.5113797,1.7698991,C1,28.031,1.394,17.481,0.038212435,17.51921244
6507,Tri,7,12,ambient,open,13.10288945,0.131348588,0.515349135,0.576187938,99.75660682,100.8618754,100.925156,174.9603602,175.0395239,1.734349798,C4,39.863,0.776,19.391,0.186412128,19.57741213
2996,Tri,7,14,weeded,open,8.980399826,0.079476916,0.630072991,0.531923135,112.9938135,98.72763109,98.61462824,168.1388071,167.9999682,1.703600887,C5,NA,0.911,19.307,0.115932642,19.42293264
1669,Tri,7,11,ambient,open,14.51949119,0.173981927,0.477517831,0.636739703,83.45401985,103.3176039,103.2075504,182.7683362,182.627888,1.769520614,C4,27.742,0.776,19.391,0.186412128,19.57741213
4081,Tri,7,18,ambient,open,12.85478286,0.144540319,0.527004818,0.608132424,88.93561983,105.1035976,105.1830055,180.4167756,180.5150761,1.716200019,C8,NA,0.826,26.807,0.506457047,27.31345705
972,Tri,7,11,ambient,open,12.27074435,0.121507783,0.582339714,0.57290793,100.9873117,113.447868,113.634989,186.0192617,186.2404902,1.63893614,C4,40.229,0.776,19.391,0.186412128,19.57741213
2131_tri,Tri,7,11,ambient,open,9.934184237,0.081273207,0.64601351,0.494911188,122.2319705,113.4316429,113.374817,195.7448975,195.6741615,1.725904982,C4,NA,0.776,19.391,0.186412128,19.57741213
2289,Tri,7,11,ambient,open,15.03946649,0.16171153,0.532958053,0.59852682,93.00181929,118.8708114,118.8930367,201.5375326,201.56471,1.695344956,C4,NA,0.776,19.391,0.186412128,19.57741213
2886,Tri,7,24,ambient,open,10.8358556,0.123425719,0.491870219,0.626703866,87.79252564,87.08865763,86.97919177,147.3423614,147.2087489,1.69245938,C8,32.681,0.826,26.807,0.506457047,27.31345705
1647,Tri,7,11,ambient,open,10.72868181,0.102228623,0.628243432,0.559882632,104.9479245,112.8381064,112.8414045,180.4940971,180.4979021,1.599571567,C4,35.774,0.776,19.391,0.186412128,19.57741213
3043,Tri,7,24,ambient,open,11.06071089,0.096411123,0.66569124,0.518976115,114.7244275,139.5631883,130.6927032,210.0972802,200.3406514,1.532913824,C8,34.819,0.826,26.807,0.506457047,27.31345705
2927,Tri,7,14,weeded,open,13.39094691,0.15014503,0.520513944,0.616519445,89.18674771,104.9072278,104.9150332,176.7319799,176.7414639,1.684615241,C5,34.379,0.911,19.307,0.115932642,19.42293264
2379,Tri,7,23,ambient,open,12.28291562,0.140562986,0.475550452,0.62324741,87.38371295,94.9903454,93.35030225,176.3642362,174.1605136,1.865666306,C8,35.365,0.826,26.807,0.506457047,27.31345705
2382,Tri,7,23,ambient,open,11.60912672,0.119116337,0.559388065,0.585113221,97.4604073,108.909753,105.9539993,190.0450569,186.3049196,1.758356653,C8,NA,0.826,26.807,0.506457047,27.31345705
3427,Tri,7,35,ambient,open,9.459114046,0.108760238,0.53932013,0.631812362,86.97217126,78.58596218,77.66332418,135.8754484,134.7222012,1.734695271,C12,NA,1.117,28.775,0.197641774,28.97264177
3526,Tri,7,35,ambient,open,13.10470354,0.15075639,0.543381557,0.623713138,86.92635543,114.3983294,114.526869,196.0103975,196.1692147,1.712866303,C12,38.313,1.117,28.775,0.197641774,28.97264177
3526,Tri,7,35,ambient,open,13.10470354,0.15075639,0.543381557,0.623713138,86.92635543,114.3983294,114.526869,196.0103975,196.1692147,1.712866303,C12,37.651,1.117,28.775,0.197641774,28.97264177
1157,Mai,3,30,ambient,open,8.970671885,0.161492435,0.237282927,0.7545181,55.54855796,42.39775164,42.16989156,76.02558599,75.6737768,1.794497781,C12,23.793,0.501,13.944,0.641212802,14.5852128
1432,Mai,5,17,ambient,open,9.247133758,0.126158161,0.378698606,0.685682548,73.29794351,57.88157059,58.20286419,103.9365883,104.4288814,1.794222377,C8,28.536,1.238,10.342,0.102979275,10.44497928
1499,Mai,5,17,ambient,open,9.422513843,0.153379542,0.292696657,0.731160253,61.43266384,51.00755541,50.84848877,93.48772161,93.237183,1.833627415,C8,25.408,1.238,10.342,0.102979275,10.44497928
1663,Mai,3,30,ambient,open,5.831230438,0.079690377,0.317640197,0.692794118,73.17358328,31.57485016,31.64537105,55.09174608,55.19701631,1.74423666,C12,27.009,0.501,13.944,0.641212802,14.5852128
179,Mai,3,30,ambient,open,11.90789853,0.184430619,0.348559575,0.716747314,64.56573531,72.6242383,73.00139416,137.056986,137.6644997,1.885779049,C12,29.412,0.501,13.944,0.641212802,14.5852128
3665,Mai,3,30,ambient,open,10.69930571,0.218064461,0.22429501,0.77782684,49.06487587,48.97935281,49.14066556,89.16360373,89.41462746,1.819564844,C12,23.863,0.501,13.944,0.641212802,14.5852128
2131_mai,Mai,3,30,ambient,open,10.44474996,0.153847259,0.316819778,0.705860921,67.89038705,56.81178391,56.89430218,107.000167,107.1332168,1.883021897,C12,NA,0.501,13.944,0.641212802,14.5852128
5052,Mai,5,36,ambient,open,10.75396205,0.182379424,0.290974116,0.72617844,58.96477691,53.95804579,53.7217208,100.2602015,99.8824307,1.859255981,C12,30.026,1.492,27.185,0.130605381,27.31560538
2616,Mai,5,36,ambient,open,9.848829004,0.15802835,0.316479907,0.715048234,62.32317811,51.51147408,51.35340197,90.61610655,90.37715288,1.759905857,C12,22.452,1.492,27.185,0.130605381,27.31560538
2662,Mai,5,36,ambient,open,10.72873643,0.156451357,0.354730289,0.689550981,68.57554089,60.02358485,60.03438127,106.5307552,106.5471764,1.774769293,C12,30.776,1.492,27.185,0.130605381,27.31560538
4781,Mai,5,23,ambient,open,10.30739841,0.16619658,0.291831536,0.715693611,62.01931718,52.1564944,52.18541286,93.73236677,93.7768908,1.796994326,C8,25.577,1.238,10.342,0.102979275,10.44497928
5657,Mai,5,23,ambient,open,9.254566727,0.13231211,0.332051749,0.69747763,69.94497123,50.66258342,50.76667341,87.3468234,87.50038206,1.723579194,C8,24.015,1.238,10.342,0.102979275,10.44497928
3643,Mai,3,12,ambient,open,9.786999265,0.209068955,0.225081067,0.783075385,46.81230298,45.61976685,45.5008182,81.56602527,81.38334057,1.788612684,C4,23.822,0.935,16.769,0.180699482,16.94969948
141,Mai,3,13,weeded,open,11.31508766,0.164866201,0.306110014,0.695710282,68.6319427,58.59909638,58.30427141,102.5670776,102.122883,1.751550625,C5,26.976,1.628,4.832,0.264896373,5.096896373
4250,Mai,3,2,weeded,open,12.21542417,0.206249216,0.282869803,0.730728057,59.22652414,60.26847388,60.13464495,105.9554275,105.7533923,1.758610073,C1,NA,1.366,12.362,0.19365285,12.55565285
9412,Mai,3,3,weeded,open,8.885797271,0.128453075,0.350486854,0.697993254,69.17543446,49.08825091,49.06042272,83.70066672,83.65997766,1.705243719,C2,20.583,1.497,15.902,0.203256597,16.1052566
2310,Mai,3,4,ambient,open,8.566985343,0.121472262,0.344327089,0.693357366,70.52626832,47.39407384,47.35070262,81.70207889,81.63794641,1.724112672,C3,25.782,1.537,12.818,0.12888601,12.94688601
1021,Mai,3,24,ambient,open,9.43550077,0.156698312,0.256998246,0.724791336,60.21443786,43.58313884,43.66707312,76.24851191,76.37417369,1.749010598,C8,28.208,0.559,22.785,0.125,22.91
2268,Mai,3,18,ambient,open,10.53298045,0.182500348,0.285767572,0.739833469,57.71485132,53.76420037,53.85010949,99.24644377,99.38219004,1.845533667,C8,26.272,0.559,22.785,0.125,22.91
5069,Mai,3,24,ambient,open,16.29138636,0.313129759,0.251740791,0.752090452,52.02758886,75.63788637,75.49732942,141.073109,140.8480646,1.86560327,C8,NA,0.559,22.785,0.125,22.91
5030,Mai,3,24,ambient,open,9.232821255,0.139375777,0.308757679,0.704946031,66.24408813,47.6909891,47.88199801,80.56273442,80.83839582,1.68828368,C8,25.362,0.559,22.785,0.125,22.91
1240,Mai,7,21,weeded,open,11.01176218,0.208843531,0.29336462,0.762603197,52.72733193,63.91138773,63.77371853,121.9169844,121.6898909,1.908151096,C6,32.382,0.564,23.505,NA,NA
1264,Mai,7,21,weeded,open,10.82726997,0.199343102,0.318335313,0.756656801,54.31474609,66.64650774,66.69126063,138.4457223,138.5259142,2.077122444,C6,27.386,0.564,23.505,NA,NA
2265,Mai,7,23,ambient,open,9.878212792,0.147649817,0.382019474,0.692655184,66.90298026,65.96220011,65.92079315,116.8291076,116.7657751,1.771304159,C8,25.571,0.826,26.807,0.506457047,27.31345705
2285,Mai,7,23,ambient,open,10.01741015,0.12995275,0.400302308,0.669999395,77.08501859,68.61624639,68.66212454,123.6413219,123.712632,1.801759454,C8,24.012,0.826,26.807,0.506457047,27.31345705
4844,Mai,7,19,weeded,open,10.46466712,0.218365722,0.253310747,0.782200962,47.92266398,52.78205012,52.89768867,101.0340967,101.2247863,1.913595638,C5,23.613,0.911,19.307,0.115932642,19.42293264
1159,Mai,7,31,weeded,open,11.48315241,0.181209419,0.312859141,0.716181989,63.36951177,58.76099297,58.69956887,106.045672,105.9499086,1.804952075,C9,27.413,0.285,21.275,0.251943005,21.52694301
4871,Mai,7,19,weeded,open,10.89475907,0.195162921,0.28057055,0.750752362,55.82391888,56.66644501,56.60174207,105.7948128,105.6904475,1.867264922,C5,32.15,0.911,19.307,0.115932642,19.42293264
3539,Mai,7,31,weeded,open,13.16979858,0.223007227,0.30233044,0.730180807,59.05547886,69.09850335,68.95885455,128.4009451,128.1765737,1.85873989,C9,36.112,0.285,21.275,0.251943005,21.52694301
2666,Mai,7,20,weeded,open,10.51541549,0.158485379,0.342631961,0.710622854,66.34943587,61.29672789,61.54355525,115.7294251,116.130265,1.886960617,C5,23.818,0.911,19.307,0.115932642,19.42293264
901,Mai,7,31,weeded,open,13.27785182,0.228908955,0.300861496,0.734308307,58.00494708,68.68128706,68.71688889,135.5359947,135.596606,1.973264626,C9,34.187,0.285,21.275,0.251943005,21.52694301
1817,Mai,7,32,weeded,open,13.92293903,0.250542981,0.276664022,0.742863797,55.57106,71.29365887,71.28277707,132.1350986,132.1176892,1.853430724,C9,27.091,0.285,21.275,0.251943005,21.52694301
5073,Mai,7,20,weeded,open,10.84307142,0.186560044,0.301029051,0.741956714,58.12108095,60.40066595,60.36972473,113.2272809,113.1771967,1.87473435,C5,NA,0.911,19.307,0.115932642,19.42293264
5015,Mai,7,20,weeded,open,10.16626426,0.149802918,0.35953344,0.705017547,67.86426056,63.1825037,63.20330036,115.4363869,115.469172,1.826948456,C5,23.958,0.911,19.307,0.115932642,19.42293264
6027,Mai,7,32,weeded,open,10.46683143,0.150901559,0.37122183,0.694499091,69.3619834,65.39442232,65.32778476,114.5883124,114.4874416,1.752507636,C9,21.49,0.285,21.275,0.251943005,21.52694301
5077,Mai,7,20,weeded,open,9.201127273,0.141935504,0.335526813,0.717968196,64.82611478,54.72421169,54.57226524,99.88707699,99.64711452,1.82596625,C5,22.037,0.911,19.307,0.115932642,19.42293264
1153,Mai,7,32,weeded,open,8.134168374,0.107686801,0.401911242,0.675235286,75.53542587,56.4413479,56.37117544,98.85260749,98.746416,1.751718236,C9,22.02,0.285,21.275,0.251943005,21.52694301
6000,Mai,7,32,weeded,open,10.38645518,0.13440446,0.426558789,0.664000177,77.27760805,74.32089629,74.24121291,130.0532077,129.9327472,1.750143109,C9,27.284,0.285,21.275,0.251943005,21.52694301
6808,Mai,7,25,weeded,open,9.230287051,0.13278156,0.401510662,0.69670872,69.51482609,62.2905608,62.32567772,110.3607627,110.4144358,1.771572165,C9,26.046,0.285,21.275,0.251943005,21.52694301
545,Mai,7,32,weeded,open,8.942236413,0.120663449,0.359269315,0.682447623,74.10890777,52.39624379,52.22159372,93.39550638,93.1260215,1.783285704,C9,14.706,0.285,21.275,0.251943005,21.52694301
860,Mai,7,28,ambient,open,10.45538049,0.127718407,0.415643618,0.650069382,81.86275366,72.36746671,72.35368875,126.9405102,126.9196473,1.754155863,C11,32.378,0.453,14.595,0.601683938,15.19668394
2546,Mai,7,33,weeded,open,6.417388368,0.060805529,0.68977781,0.565496512,105.5395533,86.83274609,86.62304936,120.5703355,120.3184916,1.388989333,C10,26.592,0.632,3.076,0.724775785,3.800775785
682,Mai,7,23,ambient,open,10.58156706,0.155184912,0.372398643,0.703385991,68.18682901,67.57521558,67.57040211,120.6091,120.6016845,1.784830055,C8,28.726,0.826,26.807,0.506457047,27.31345705
235,Mai,7,34,ambient,open,9.561452037,0.115646947,0.46735051,0.648361112,82.67794598,65.89531288,65.8472213,105.9910398,105.924233,1.608636339,C11,28.059,0.453,14.595,0.601683938,15.19668394
3581,Mai,7,23,ambient,open,9.256708301,0.121716506,0.425683936,0.674858968,76.05138042,68.41487609,68.58248245,122.9072053,123.1665423,1.79588924,C8,29.911,0.826,26.807,0.506457047,27.31345705
6100,Mai,7,34,ambient,open,7.586669497,0.06303157,0.624593083,0.506327657,120.3630101,79.41624545,79.33741716,115.3141359,115.2152597,1.452218433,C11,29.097,0.453,14.595,0.601683938,15.19668394
4883,Mai,7,35,ambient,open,10.11377935,0.122718076,0.477356549,0.648471589,82.41474834,76.41826595,76.41504152,124.1074895,124.1029696,1.624064675,C12,24.176,1.117,28.775,0.197641774,28.97264177
4859,Mai,7,24,ambient,open,10.92645993,0.149061119,0.377053984,0.683257591,73.3018778,70.09678458,70.1816506,125.5337771,125.6648167,1.790565135,C8,28.732,0.826,26.807,0.506457047,27.31345705
4874,Mai,7,28,ambient,open,5.363233632,0.047323408,0.637213656,0.537855495,113.3315173,64.75462903,64.75345906,106.8440326,106.8423664,1.649987011,C11,25.984,0.453,14.595,0.601683938,15.19668394
4865,Mai,7,24,ambient,open,7.355956265,0.07530835,0.622560342,0.595307932,97.67783075,84.49450594,84.76566703,138.3686294,138.7508422,1.636875484,C8,34.615,0.826,26.807,0.506457047,27.31345705
42,Mai,7,36,ambient,open,9.957399663,0.10983631,0.455413802,0.616718913,90.65672056,71.68673092,71.81866847,120.4190666,120.6100506,1.679369072,C12,27.723,1.117,28.775,0.197641774,28.97264177
4676,Mai,7,24,ambient,open,9.399316346,0.113101554,0.426139992,0.647356813,83.10510345,67.14410473,66.99942732,116.763339,116.5457777,1.739504088,C8,26.085,0.826,26.807,0.506457047,27.31345705
4834,Mai,7,30,ambient,open,9.269212474,0.1019603,0.470970678,0.616898462,90.9100157,71.74398858,71.75669592,121.4854387,121.5040076,1.693277624,C12,26.758,1.117,28.775,0.197641774,28.97264177
652,Mai,7,30,ambient,open,8.225997185,0.089862942,0.50038459,0.616848343,91.53937098,74.69984127,74.37979823,126.9723091,126.5009943,1.700743984,C12,30.509,1.117,28.775,0.197641774,28.97264177
4802,Mai,7,30,ambient,open,7.351220664,0.075345193,0.611179318,0.59532823,97.56721526,87.45842929,87.42741221,136.8876996,136.8457858,1.565250329,C12,24.287,1.117,28.775,0.197641774,28.97264177
4934,Tri,3,23,ambient,open,10.31518008,0.157203709,0.5068875,0.651501716,65.61664572,72.82247604,74.52008658,136.1449044,138.3807077,1.856958494,C8,40.006,0.559,22.785,0.125,22.91
6558,Tri,3,22,ambient,open,12.02631641,0.119706454,0.530368045,0.564841366,100.4650627,94.485035,95.0211587,177.0203074,177.7298838,1.870424296,C7,31.863,1.426,17.693,0.187176166,17.88017617
2329,Tri,3,20,weeded,open,11.30115501,0.113373987,0.62005828,0.569070668,99.68031741,117.014535,116.9387651,185.3633611,185.2784835,1.584406021,C5,45.757,1.628,4.832,0.264896373,5.096896373
774,Tri,3,20,weeded,open,11.7377127,0.138353794,0.452818811,0.625756668,84.83838687,79.91377964,80.07341781,144.6687318,144.8730083,1.809252212,C5,39.638,1.628,4.832,0.264896373,5.096896373
4942,Tri,3,27,weeded,open,13.85380139,0.155266711,0.441531743,0.616046886,89.22583148,82.79262365,82.87450221,158.6738513,158.7847899,1.915966741,C10,42.322,0.887,12.39,0.232512953,12.62251295
3960,Mai,5,3,weeded,open,10.41522693,0.17474168,0.304890391,0.736673852,59.60356413,56.37548089,56.46516391,108.7155386,108.8635793,1.927977743,C2,29.199,1.378,18.064,0.174222798,18.2382228
3993,Mai,5,3,weeded,open,10.69586438,0.152815947,0.323258154,0.696419616,69.99180773,58.10031747,58.01825403,101.3899045,101.2670152,1.74543369,C2,27.245,1.378,18.064,0.174222798,18.2382228
631,Mai,5,3,weeded,open,9.285244518,0.137449886,0.379407803,0.690785078,67.55367202,59.09070105,59.05421255,103.9670998,103.9120454,1.759604284,C2,29.032,1.378,18.064,0.174222798,18.2382228
flag2_mai,Mai,5,3,weeded,open,10.82086308,0.153082789,0.332967928,0.693437138,70.68634659,60.01865531,60.09348744,106.4494324,106.5630738,1.773288226,C2,25.132,1.378,18.064,0.174222798,18.2382228
543,Mai,3,30,ambient,open,7.053447862,0.137246145,0.221362448,0.773764877,51.39268474,31.87277264,31.90601923,57.39429196,57.44556154,1.800461572,C12,21.667,0.501,13.944,0.641212802,14.5852128
511,Mai,3,30,ambient,open,7.560785669,0.124262387,0.276168413,0.736971967,60.84532779,40.08353351,39.98404471,72.00262,71.84912413,1.796944873,C12,23.608,0.501,13.944,0.641212802,14.5852128
2337,Mai,3,22,ambient,open,7.417571292,0.14711737,0.251885173,0.776753443,50.41941201,37.33806581,37.38719154,67.47347277,67.54948039,1.806754603,C7,23.521,1.426,17.693,0.187176166,17.88017617
2337,Mai,3,22,ambient,open,7.417571292,0.14711737,0.251885173,0.776753443,50.41941201,37.33806581,37.38719154,67.47347277,67.54948039,1.806754603,C7,24.929,1.426,17.693,0.187176166,17.88017617
3829,Tri,5,33,weeded,closed,4.61443575,0.135520766,0.162937629,0.841758392,34.04965812,20.31358356,20.36784387,34.69089682,34.75511905,1.706372028,C10,NA,1.353,1.415,0.30305109,1.71805109
5877,Tri,5,27,weeded,closed,4.82148477,0.139832958,0.191799913,0.839739986,34.48031737,23.35556523,23.34220761,43.50758914,43.49033614,1.863162939,C10,40.845,1.353,1.415,0.30305109,1.71805109
2988,Tri,5,33,weeded,closed,3.74526823,0.127950066,0.122875528,0.860930224,29.27132707,15.98966187,15.99233338,27.95646648,27.95970478,1.748319281,C10,38.642,1.353,1.415,0.30305109,1.71805109
2662,Mai,5,36,ambient,closed,0.928410337,0.013206812,0.874215999,0.708814224,70.29783849,27.80463404,27.82840708,47.26321279,47.29122642,1.699386756,C12,43.197,0.947,1.915,0.035620294,1.950620294
5381,Tri,5,10,ambient,closed,5.147377509,0.205868047,0.108549454,0.876057583,25.00328528,21.94295878,22.18180212,41.2626355,41.57357526,1.874219914,C3,49.76,0.911,1.624,NA,NA
5381,Tri,5,10,ambient,closed,5.147377509,0.205868047,0.108549454,0.876057583,25.00328528,21.94295878,22.18180212,41.2626355,41.57357526,1.874219914,C3,38.713,0.911,1.624,NA,NA
4547,Tri,5,10,ambient,closed,3.783593913,0.179691446,0.116360857,0.892411123,21.05606025,16.10994243,16.10480016,29.05204166,29.04561206,1.803537565,C3,41.978,0.911,1.624,NA,NA
2563,Tri,5,16,ambient,closed,3.246688403,0.072662397,0.352933269,0.802924177,44.68182357,33.24297866,33.18728274,61.1156622,61.04465533,1.83939902,C7,NA,0.777,2,1.1722488,3.1722488
901,Mai,7,31,weeded,closed,5.593469481,0.102833504,0.250582264,0.763013881,54.39345411,30.45268661,30.52784564,47.4542702,47.53544415,1.557117548,C9,37.794,0.73,7.397,2.03349282,9.43049282
5151,Ari,7,31,weeded,closed,3.16549845,0.034916854,0.545570649,0.628151917,90.65818043,36.18826223,36.2363927,59.85537815,59.91056135,1.653325756,C9,38.07,0.73,7.397,2.03349282,9.43049282
275,Mai,7,34,ambient,closed,1.209982952,0.009043409,0.703480475,0.468373139,133.7972165,17.63036974,17.66399756,32.9548445,32.9984132,1.868116948,C11,44.668,0.332,11.276,0.15980622,11.43580622
2229,Mai,7,32,weeded,closed,5.54696831,0.087532301,0.293534689,0.728440739,63.37053004,29.27420295,29.29725671,45.90994203,45.93500578,1.567894436,C9,44.368,0.73,7.397,2.03349282,9.43049282
1159,Mai,7,31,weeded,closed,4.687148851,0.071928339,0.312008233,0.72293606,65.16414693,27.64919528,27.64677473,39.01055691,39.0081891,1.410948998,C9,38.688,0.73,7.397,2.03349282,9.43049282
6808,Mai,7,25,weeded,closed,4.02853399,0.047270973,0.446190624,0.647291111,85.22215081,32.1340329,32.11029671,54.27339614,54.24559881,1.68935215,C9,40.096,0.73,7.397,2.03349282,9.43049282
2546,Mai,7,33,weeded,closed,6.028105386,0.090672498,0.331312603,0.716205217,66.48218058,38.28488155,38.13034341,61.64429408,61.47168588,1.612146139,C10,NA,0.328,1.406,0.998803828,2.404803828
4632,Mai,7,35,ambient,closed,3.641545069,0.051265344,0.348979409,0.702564489,71.03327092,22.61049702,22.6061274,34.83499754,34.83033,1.540747311,C12,NA,0.844,9.741,0.411773592,10.15277359
3427,Tri,7,35,ambient,closed,4.269558421,0.051950082,0.35298004,0.652984759,82.18578791,23.12115661,23.15514579,38.37346702,38.41256961,1.658921518,C12,43.824,0.844,9.741,0.411773592,10.15277359
3526,Tri,7,35,ambient,closed,4.181350132,0.051676518,0.369970114,0.653360856,80.91392946,24.43155099,24.53200223,39.6522478,39.76521785,1.620952806,C12,49.73,0.844,9.741,0.411773592,10.15277359
42,Mai,7,36,ambient,closed,3.60190199,0.02928288,0.628542487,0.495078203,123.0036796,40.26160752,40.14270347,68.23724392,68.09747041,1.696384761,C12,42.81,0.844,9.741,0.411773592,10.15277359
652,Mai,7,30,ambient,closed,3.504171051,0.032376013,0.535531065,0.551048119,108.2335571,30.17000353,30.16898461,45.35273398,45.35167205,1.503254837,C12,42.539,0.844,9.741,0.411773592,10.15277359
1997,Tri,7,24,ambient,closed,3.647651725,0.04329596,0.42467708,0.643077641,84.24924,26.56732825,26.59782708,43.77843497,43.8132733,1.647250099,C8,43.65,0.609,NA,0.443496059,NA
5069,Mai,3,24,ambient,closed,3.747691735,0.048537435,0.354491248,0.678927348,77.21239771,22.71981535,22.82647309,38.87666265,39.00339081,1.708691074,C8,36.844,0.562,6.197,0.133397183,6.330397183
1021,Mai,3,24,ambient,closed,4.461952357,0.068688906,0.293178974,0.724549333,64.95885023,25.54791105,25.5107413,44.26830827,44.22354881,1.733526608,C8,42.617,0.562,6.197,0.133397183,6.330397183
5030,Mai,3,24,ambient,closed,2.106565011,0.015954485,0.556853228,0.469998135,132.0359141,17.02697371,17.04231911,24.87765736,24.89323384,1.460671736,C8,38.827,0.562,6.197,0.133397183,6.330397183
2268,Mai,3,18,ambient,closed,3.512619413,0.041633869,0.464149591,0.652090042,84.36927668,28.65226035,28.75177247,47.16481383,47.27857747,1.644370883,C8,41.402,0.562,6.197,0.133397183,6.330397183
2416,Tri,3,17,ambient,closed,3.689793689,0.126344291,0.150418615,0.861401153,29.20427714,18.30672684,18.29157274,34.73194469,34.71196589,1.897702641,C8,44.624,0.562,6.197,0.133397183,6.330397183
54,Mai,3,16,ambient,closed,1.970752655,0.017977684,0.631389706,0.559031697,109.6221657,24.53651921,24.61468083,40.56402007,40.65376435,1.651606398,C7,37.342,1.288,1.648,0.06244475,1.71044475
untagged_p3_sub17_q1,Tri,3,17,ambient,closed,3.312005314,0.087547175,0.195504082,0.829035931,37.83109294,17.87424146,17.82603674,32.06095238,32.00085315,1.795174868,C8,35.796,0.562,6.197,0.133397183,6.330397183
untagged_p3_sub12_q4,Tri,3,12,ambient,closed,4.07266975,0.105127454,0.181816936,0.824619686,38.74030612,20.27956367,20.26498401,36.68934617,36.67101698,1.809575422,C4,42.619,0.401,12.234,0.48979204,12.72379204
5657,Mai,5,23,ambient,closed,4.592002009,0.114368495,0.22782117,0.818814779,40.150935,26.23927712,26.21659139,49.08295078,49.05348094,1.871085383,C8,41.922,1.141,2.277,0.039329542,2.316329542
6867,Ari,5,9,weeded,closed,2.569546276,0.035532065,0.495605944,0.699072366,72.31626634,27.87363187,27.88650309,49.45047249,49.46632747,1.773844763,C2,45.581,1.358,2.497,0.209155931,2.706155931
2671,Ari,5,19,weeded,closed,4.055470965,0.066546089,0.238847008,0.736131928,60.94228866,17.88362704,17.8422072,30.7436572,30.6942751,1.720318274,C5,NA,0.64,1.502,0.04748836,1.54948836
5115,Tri,5,19,weeded,closed,6.043359586,0.144787652,0.185030179,0.811071796,41.73946813,24.79570017,24.90181413,48.79208128,48.93676746,1.965188849,C5,46.212,0.64,1.502,0.04748836,1.54948836
5337,Ari,5,25,weeded,closed,6.335032886,0.107808324,0.271079623,0.745188613,58.7620014,32.87828363,32.91406306,56.87364703,56.91655131,1.729247198,C9,NA,0.506,0.8,0.147428988,0.947428988
2547,Tri,5,19,weeded,closed,5.298126851,0.124535122,0.225567262,0.808708123,42.54323412,28.03548244,28.05965053,57.82410316,57.85865901,2.061987869,C5,51.428,0.64,1.502,0.04748836,1.54948836
2508,Tri,5,21,weeded,closed,4.590147772,0.09812845,0.261019157,0.793421468,46.77693138,27.37466935,27.29443259,53.80284305,53.69346599,1.967194804,C6,39.682,0.691,1.728,0.359973849,2.087973849
3004,Tri,5,21,weeded,closed,4.875041966,0.101241239,0.250389675,0.787763975,48.15272921,26.78207727,26.79029699,55.16403191,55.17576951,2.059543032,C6,41.542,0.691,1.728,0.359973849,2.087973849
4990,Tri,5,22,ambient,closed,5.247995538,0.131254379,0.205861758,0.818682142,39.98339391,24.21142779,24.22440449,49.49118783,49.50957728,2.043789242,C7,51.675,0.777,2,1.1722488,3.1722488
482,Tri,5,22,ambient,closed,4.243861653,0.076053966,0.298689342,0.759544715,55.80066203,26.31733845,26.32604493,47.8129072,47.82387336,1.816599246,C7,43.064,0.777,2,1.1722488,3.1722488
4959,Tri,5,22,ambient,closed,5.402678416,0.11900292,0.251665299,0.797596326,45.39954495,30.34947759,30.31945668,59.92512506,59.88402274,1.975102106,C7,47.481,0.777,2,1.1722488,3.1722488
4414,Tri,5,22,ambient,closed,5.624384689,0.118934007,0.360213473,0.790264724,47.28996215,46.31133711,46.36678068,88.55232908,88.62581817,1.911407626,C7,52.982,0.777,2,1.1722488,3.1722488
4431,Tri,5,23,ambient,closed,4.861803126,0.139992967,0.151800291,0.839085252,34.72890982,20.5527984,20.56975004,52.48339212,52.51340053,2.552943056,C8,44.307,1.141,2.277,0.039329542,2.316329542
5404,Ari,7,7,weeded,closed,4.909505584,0.057375601,0.317632954,0.64527678,85.56782846,22.25112255,22.22459497,37.15023437,37.11952268,1.670200187,C1,45.23,0.922,7.409,2.16507177,9.57407177
5176,Ari,7,7,weeded,closed,2.918494526,0.020676918,0.590378032,0.437513874,141.1474634,20.99463265,20.96951596,35.08893424,35.05982567,1.671942535,C1,45.689,0.922,7.409,2.16507177,9.57407177
6890,Ari,7,7,weeded,closed,1.218075244,0.017453441,0.862966817,0.710892557,69.78997689,50.67998099,50.84714293,67.46439905,67.61860946,1.329840883,C1,42.369,0.922,7.409,2.16507177,9.57407177
5253,Ari,7,8,weeded,closed,3.463505037,0.055082561,0.386335059,0.731173803,62.87843147,27.5407029,27.49819395,50.36315047,50.30924474,1.829547236,C1,36.5,0.922,7.409,2.16507177,9.57407177
2438,Ari,7,14,weeded,closed,3.370430085,0.060498147,0.367364064,0.759301246,55.71129451,27.22724195,27.28149111,50.60573712,50.67562508,1.857509359,C5,36.718,0.894,6.993,0.624222493,7.617222493
2996,Tri,7,14,weeded,closed,4.676215927,0.072580587,0.37230523,0.725584434,64.42791551,36.83879946,36.8186557,62.90925393,62.88540281,1.707976611,C5,51.321,0.894,6.993,0.624222493,7.617222493
1851,Tri,7,8,weeded,closed,4.786731577,0.069577187,0.394047846,0.708692379,68.79742892,37.06513547,37.10057475,66.32895175,66.37291555,1.788999658,C1,31.327,0.922,7.409,2.16507177,9.57407177
3071,Tri,7,8,weeded,closed,4.903247954,0.090610821,0.247072384,0.764974544,54.11327146,30.08139582,30.13227429,50.16723648,50.2260513,1.66685232,C1,46.008,0.922,7.409,2.16507177,9.57407177
3071,Tri,7,8,weeded,closed,4.903247954,0.090610821,0.247072384,0.764974544,54.11327146,30.08139582,30.13227429,50.16723648,50.2260513,1.66685232,C1,40.13,0.922,7.409,2.16507177,9.57407177
784,Ari,7,1,weeded,closed,6.418927835,0.10092116,0.286773291,0.727064118,63.60338937,34.68754669,34.59896035,60.43790376,60.33085604,1.743718754,C1,48.492,0.922,7.409,2.16507177,9.57407177
3785,Ari,7,4,ambient,closed,7.218739728,0.144429294,0.216977222,0.780416972,49.98113283,33.76640739,34.1773097,56.95417324,57.4339141,1.680469136,C3,49.387,0.704,9.383,NA,NA
421,Ari,7,4,ambient,closed,7.345004001,0.129277933,0.217200495,0.754028703,56.81560519,40.54757505,40.73234408,70.28343312,70.50534618,1.730942517,C3,48.147,0.704,9.383,NA,NA
818,Ari,7,16,ambient,closed,5.606790897,0.075166573,0.373861913,0.687236432,74.59154613,38.72724412,38.92650164,67.80961796,68.05134274,1.748200837,C7,43.585,0.162,1.204,0.007279947,1.211279947
5488,Tri,3,1,weeded,closed,5.156493739,0.159261047,0.167333349,0.847741723,32.37762049,23.55483826,23.52356454,48.61826438,48.57340544,2.064882869,C1,43.679,1.305,11.23,0.000661813,11.23066181
4250,Mai,3,2,weeded,closed,4.016482741,0.09995276,0.178778359,0.818957899,40.18381024,16.46591223,16.34699458,32.39036106,32.22766672,1.971473507,C1,46.764,1.305,11.23,0.000661813,11.23066181
5184,Mai,3,13,weeded,closed,3.917083579,0.0598251,0.306505116,0.722997677,65.47558765,21.91836199,21.90529446,40.73951714,40.72263961,1.859031829,C5,37.003,1.222,13.55,0.018972348,13.56897235
141,Mai,3,13,weeded,closed,2.635361333,0.028795004,0.539444033,0.62621596,91.52147827,25.9138306,26.03614001,44.21074323,44.35563748,1.703618027,C5,31.464,1.222,13.55,0.018972348,13.56897235
774,Tri,3,20,weeded,closed,4.428782996,0.125358227,0.212008894,0.837360759,35.3290175,24.31099304,24.35286772,52.22490915,52.2873973,2.147073515,C5,51.446,1.222,13.55,0.018972348,13.56897235
5479,Tri,3,21,weeded,closed,5.658836295,0.124865069,0.185164237,0.797750206,45.31961052,22.90187559,22.85900557,49.79424445,49.72946402,2.175486762,C6,46.767,0.768,12.2,0.554509215,12.75450922
3643,Mai,3,12,ambient,closed,3.448991309,0.034122502,0.413608528,0.58835591,101.0767414,20.15628995,20.09503625,39.3158579,39.23280782,1.952363127,C4,37.927,0.401,12.234,0.48979204,12.72379204
3993,Mai,5,3,weeded,closed,4.545580443,0.060573142,0.402319174,0.68592792,75.04283735,32.27261201,32.2914182,55.60119624,55.62369262,1.722553413,C2,37.221,1.358,2.497,0.209155931,2.706155931
631,Mai,5,3,weeded,closed,5.943167823,0.092924249,0.384002072,0.726231235,63.95712515,44.76078637,44.80311646,83.20292549,83.25755544,1.858298306,C2,38.245,1.358,2.497,0.209155931,2.706155931
flag2_mai,Mai,5,3,weeded,closed,4.29806315,0.079831334,0.315191264,0.766843992,53.83930012,28.33181174,28.31231494,52.88202137,52.85674976,1.866917271,C2,38.464,1.358,2.497,0.209155931,2.706155931
2215,Ari,5,8,weeded,closed,4.819157592,0.070309079,0.386059054,0.710167821,68.54246508,36.43673684,36.49570851,64.41647821,64.48885551,1.767025717,C1,28.829,1.381,0.773,1.0157758,1.7887758
flag2_tri,Tri,5,14,weeded,closed,6.55883401,0.097884249,0.269772187,0.713524461,67.00602065,30.62038594,30.66501337,48.71176688,48.76097866,1.590117639,C5,NA,0.64,1.502,0.04748836,1.54948836
flag3_tri,Tri,5,14,weeded,closed,4.772112905,0.112555546,0.215862453,0.809851787,42.39784777,22.51882341,22.44183402,42.50405302,42.40325776,1.889473816,C5,NA,0.64,1.502,0.04748836,1.54948836
4177,Tri,5,14,weeded,closed,4.606033818,0.104326099,0.235586076,0.803688322,44.15035032,23.63563009,23.66674544,46.69639904,46.73901213,1.974881263,C5,NA,0.64,1.502,0.04748836,1.54948836
7147,Tri,5,9,weeded,closed,4.480199453,0.115524308,0.215817876,0.823972694,38.78144375,22.14931821,22.13960877,42.38778064,42.37489733,1.913985824,C2,45.309,1.358,2.497,0.209155931,2.706155931
43,Tri,5,9,weeded,closed,4.438323811,0.095777248,0.251184002,0.795339202,46.34006409,23.75335655,23.74265317,44.32021826,44.3063714,1.86610869,C2,43.18,1.358,2.497,0.209155931,2.706155931
1374,Tri,5,10,ambient,closed,4.721590724,0.137418072,0.216842548,0.840693282,34.35931428,24.52246241,24.53609689,49.41404443,49.43309117,2.014708834,C3,NA,0.911,1.624,NA,NA
4844,Mai,7,19,weeded,closed,3.950490186,0.038127859,0.409108658,0.579428838,103.6116449,21.56569878,21.77485774,38.22176147,38.47844219,1.767104183,C5,38.892,0.894,6.993,0.624222493,7.617222493
4871,Mai,7,19,weeded,closed,5.722926775,0.074671491,0.28492782,0.680983889,76.64138881,24.73756846,24.7612531,35.65516127,35.67882618,1.440913593,C5,39.09,0.894,6.993,0.624222493,7.617222493
2666,Mai,7,20,weeded,closed,6.037084623,0.080438845,0.333570359,0.687427499,75.05185614,31.07762348,31.12953089,53.90207437,53.96447928,1.733546178,C5,44.11,0.894,6.993,0.624222493,7.617222493
5077,Mai,7,20,weeded,closed,3.927780184,0.04859976,0.343687249,0.669055759,80.81892141,19.27374352,19.27957466,29.62832803,29.6345425,1.537095244,C5,34.923,0.894,6.993,0.624222493,7.617222493
4874,Mai,7,28,ambient,closed,6.470533461,0.068697677,0.424961049,0.61430639,94.18853364,40.80946923,41.06969775,68.03441217,68.33493914,1.663877332,C11,43.919,0.332,11.276,0.15980622,11.43580622
4859,Mai,7,24,ambient,closed,5.405601141,0.047852988,0.480755614,0.544685761,112.9626668,36.34305927,36.30918287,57.10133807,57.06443151,1.57162533,C8,39.407,0.609,NA,0.443496059,NA
3581,Mai,7,23,ambient,closed,1.917606091,0.014837743,0.658712575,0.489261288,129.238395,19.01294374,18.97172778,39.70071679,39.64103154,2.089479251,C8,NA,0.609,NA,0.443496059,NA
179,Mai,3,30,ambient,closed,1.501651776,0.016835274,0.574661801,0.63688625,89.19675296,17.22073556,17.23053616,38.57290041,38.58815225,2.239521271,C12,39.774,0.428,8.067,NA,NA
untagged_p3_sub22_q4,Tri,3,22,ambient,closed,4.468208826,0.112314448,0.189451818,0.820568787,39.78302797,23.11173804,23.23823956,41.33417306,41.49125391,1.785473199,C7,43.634,1.288,1.648,0.06244475,1.71044475
6558,Tri,3,22,ambient,closed,4.259870487,0.143730285,0.146756782,0.859278429,29.63794643,21.86263667,21.86911146,40.67031607,40.67868474,1.860097737,C7,45.953,1.288,1.648,0.06244475,1.71044475
1686,Tri,3,6,ambient,closed,2.602282507,0.129481486,0.135213952,0.897171763,20.09771889,15.5085034,15.52265837,29.60067214,29.61944192,1.908142357,C4,48.776,0.401,12.234,0.48979204,12.72379204
1926,Tri,3,5,ambient,closed,3.187395628,0.116763858,0.142406159,0.869342501,27.29779302,18.44298181,18.43468862,29.36748933,29.35831327,1.592558132,C4,47.533,0.401,12.234,0.48979204,12.72379204
2616,Mai,5,36,ambient,closed,4.933328869,0.065227413,0.294118425,0.682687105,75.63275381,21.43418271,21.39135223,36.53202205,36.48131922,1.705423707,C12,NA,0.947,1.915,0.035620294,1.950620294
1476,Mai,5,23,ambient,closed,1.263019336,0.015485849,0.433891311,0.666137708,81.55957972,9.611708343,9.623246443,NA,NA,NA,C8,38.733,1.141,2.277,0.039329542,2.316329542
4781,Mai,5,23,ambient,closed,4.804791262,0.083969899,0.288197551,0.753117384,57.22040063,26.18957412,26.16822332,48.41932534,48.39191288,1.849262454,C8,40.433,1.141,2.277,0.039329542,2.316329542